2018,100,James Harden,HOU,5,43,46,25,35.7,6.4,8.3,2,0.7,5.6,62.2,5,0.001,39.1,19.6,6,1,1
2018,100,Anthony Davis,NOP,12,41,47,20,29.3,13.3,4.4,1.7,2.6,2,59.5,1,0.002,29.1,20.1,5,1,1
2018,100,Stephen Curry,GSW,1,36,47,28,29.3,5.2,5.6,1.2,0.4,2.9,66.2,5.3,0.003,29.4,16.1,5,1,1
2018,100,Kevin Durant,GSW,1,47,47,33,28,7.4,6,0.8,1.1,3.3,63,2,0.002,29.9,17.6,9,1,1
2018,100,Kawhi Leonard,TOR,2,36,48,25,27.6,7.9,3.1,1.9,0.5,2,61.3,1.8,0.002,29.9,17.9,2,0,1
2018,100,LeBron James,LAL,9,34,48,20,27.3,8.3,7.1,1.3,0.7,3.4,60.1,2,0.003,30.7,19.6,14,1,1
2018,100,Joel Embiid,PHI,4,45,48,30,27.1,13.2,3.6,0.6,2,3.5,59.8,1.2,0.003,32,19.8,1,1,1
2018,100,Paul George,OKC,3,45,46,27,26.8,7.9,4,2.3,0.5,2.6,57.9,3.4,0.004,28.2,16.3,5,1,1
2018,100,Giannis Antetokounmpo,MIL,1,43,46,32,26.5,12.6,5.9,1.3,1.4,4,63.1,0.4,0.004,30.6,21,2,1,1
2018,100,Damian Lillard,POR,4,48,48,29,26.1,4.5,6.2,1,0.5,2.8,58.8,2.9,0.002,28.8,15.2,3,1,1
2018,100,Blake Griffin,DET,9,44,46,20,26,8.1,5.2,0.8,0.5,3.8,59.7,2.4,0.002,29.5,16.2,5,0,1
2018,100,Kemba Walker,CHA,8,46,46,22,25,4.3,5.6,1.2,0.5,2.6,55.9,3.2,0.002,30.5,14,2,1,1
2018,100,Bradley Beal,WAS,9,46,46,20,24.7,5,5,1.3,0.9,2.8,56.8,2.5,0.002,27.5,12.2,1,1,1
2018,100,Devin Booker,PHX,15,35,48,8,24.5,3.7,7,0.9,0.2,3.8,56,2.2,0.001,30.9,11.8,0,0,0
2018,100,Kyrie Irving,BOS,5,42,47,26,23.5,4.8,6.9,1.7,0.5,2.7,60.5,2.6,0.003,28.4,16.6,5,1,1
2018,100,Zach LaVine,CHI,13,41,47,8,22.9,4.2,4.2,0.9,0.4,3.5,55.9,1.8,0.001,30.6,12,0,0,0
2018,100,Karl-Anthony Towns,MIN,11,46,46,22,22.4,12.2,2.9,1,1.9,2.9,59.5,1.7,0.002,26.4,16.4,1,1,1
2018,100,Klay Thompson,GSW,1,47,47,33,22.1,4.1,2,1.2,0.7,1.6,56.1,2.9,0.002,26.4,10.4,4,1,1
2018,100,Donovan Mitchell,UTA,8,44,48,25,22,3.7,3.7,1.6,0.3,2.8,52.3,2.2,0.003,30.2,10.9,0,0,0
2018,100,Russell Westbrook,OKC,3,38,46,23,21.6,10.6,10.5,2.4,0.3,4.5,47.7,1.2,0.003,30.5,15.6,7,1,1
2018,100,DeMar DeRozan,SAS,6,47,48,26,21.4,6.1,6.4,1,0.5,2.6,52.5,0.1,0.002,28.5,13.3,4,1,0
2018,100,Tobias Harris,PHI,4,46,48,25,21,8,2.4,0.8,0.4,1.9,61,2,0.002,23.2,14.2,0,0,0
2018,100,Jrue Holiday,NOP,12,47,47,22,20.8,4.7,8.1,1.7,0.8,3.4,55.8,1.6,0.002,24.2,12.3,1,0,0
2018,100,LaMarcus Aldridge,SAS,6,48,48,27,20.8,8.6,2.5,0.5,1.2,1.9,56.7,0.1,0.001,27.3,14,6,1,1
2018,100,John Wall,WAS,9,32,46,11,20.7,3.6,8.7,1.5,0.9,3.8,52.7,1.6,0.001,28.6,12.3,5,1,0
2018,100,CJ McCollum,POR,4,47,48,28,20.5,3.8,2.6,0.8,0.3,1.5,54,2,0.002,24.8,9.6,0,0,0
2018,100,Nikola Vucevic,ORL,11,46,47,20,20.5,12,3.8,0.9,1.1,1.9,57.7,1.2,0.002,27.3,18.9,0,0,1
2018,100,Buddy Hield,SAC,10,47,47,24,20.3,5,2.2,0.5,0.3,1.8,60.6,3.4,0.002,23.8,11.3,0,0,0
2018,100,Julius Randle,NOP,12,46,47,22,20.1,9.3,3,0.6,0.6,2.6,61.6,0.6,0.001,26.1,14.8,0,0,0
2018,100,Luka Doncic,DAL,13,45,46,19,20,6.8,5.2,1.2,0.3,3.2,55.6,2.4,0.002,27.4,13.8,0,0,0
2018,100,Mike Conley,MEM,14,46,47,19,19.8,3.3,6.1,1.3,0.3,1.8,54.8,2.1,0.003,26,14.1,0,0,0
2018,100,Nikola Jokic,DEN,2,45,45,31,19.6,10,7.7,1.3,0.7,3.2,59.2,1.2,0.002,26.8,18.7,0,0,1
2018,100,Tim Hardaway Jr.,DAL,13,41,46,10,19.6,3.3,2.7,0.9,0.1,1.9,53.6,2.6,0.001,25.4,8.8,0,0,0
2018,100,Jimmy Butler,PHI,4,38,48,22,19.6,4.9,3.7,2,0.6,1.5,57.9,1.3,0.002,23,13,4,1,0
2018,100,Derrick Rose,MIN,11,36,46,15,19.3,2.9,4.8,0.6,0.3,1.7,57,1.5,0.001,25.5,13.1,3,0,0
2018,100,Kyle Kuzma,LAL,9,46,48,25,19.3,6,2.4,0.7,0.4,2.1,56,1.9,0.002,23.6,10.7,0,0,0
2018,100,D'Angelo Russell,BKN,6,47,48,25,19.2,3.7,6.4,1.1,0.3,2.8,53.4,2.7,0.002,29.2,13.7,0,0,1
2018,100,Victor Oladipo,IND,3,35,46,24,19.2,5.7,5.3,1.7,0.3,2.3,51.9,2.1,0.003,27.8,13.1,1,1,1
2018,100,Danilo Gallinari,LAC,7,44,46,23,19,6,2.5,0.7,0.3,1.4,62.2,2.4,0.001,22.4,13,0,0,0
2018,100,Kevin Love,CLE,15,4,48,0,19,13.5,3.5,0.3,0.3,2.5,47.8,1.8,0,25.5,11.9,5,1,0
2018,100,Jamal Murray,DEN,2,45,45,31,18.8,4.5,4.9,0.8,0.4,2.4,52.8,1.9,0.002,24.8,10.5,0,0,0
2018,100,John Collins,ATL,12,30,46,10,18.8,10.4,2.4,0.2,0.4,2.2,63.1,0.8,0.001,22.4,13.8,0,0,0
2018,100,Lou Williams,LAC,7,40,46,24,18.7,2.8,4.9,0.6,0.1,2.3,55.9,1.3,0.002,29.9,14.6,0,0,0
2018,100,JJ Redick,PHI,4,46,48,30,18.4,2.2,2.8,0.4,0.2,1.4,60.2,3,0.003,21.7,10.5,0,0,0
2018,100,Caris LeVert,BKN,6,14,48,6,18.4,4.3,3.7,1.2,0.4,2.1,55.7,1.4,0.001,26.1,11.9,0,0,0
2018,100,T.J. Warren,PHX,15,42,48,10,18.3,4.1,1.5,1.2,0.7,1.2,57.9,1.8,0.001,22.3,9.9,0,0,0
2018,100,Harrison Barnes,SAC,10,42,47,18,17.9,4.2,1.1,0.7,0.2,1.4,54.5,2.5,0.002,22.8,9,0,0,0
2018,100,Josh Richardson,MIA,7,43,45,21,17.8,3.8,3.9,1.1,0.5,1.7,53.6,2.5,0.003,21.8,9.9,0,0,0
2018,100,Clint Capela,HOU,5,42,46,24,17.6,12.6,1.5,0.6,1.8,1.5,64.2,0,0.001,19.1,15.3,0,0,0
2018,100,Andrew Wiggins,MIN,11,42,46,21,17.5,4.3,2.2,1,0.5,1.7,49.2,1.7,0.002,23.6,7.4,0,0,0
2018,100,De'Aaron Fox,SAC,10,47,47,24,17.4,3.6,7.3,1.8,0.5,2.9,55,1.1,0.002,24,12.1,0,0,0
2018,100,Khris Middleton,MIL,1,44,46,32,17.3,5.8,4.1,1.1,0.1,2.2,55.6,2.4,0.003,23.7,11.2,0,0,1
2018,100,Spencer Dinwiddie,BKN,6,48,48,25,17,2.5,5.1,0.6,0.2,2.4,59.5,2,0.001,24,11.5,0,0,0
2018,100,Lauri Markkanen,CHI,13,24,47,6,17,7.1,0.9,0.9,0.8,1.7,54.5,2.5,0.001,24,11.4,0,0,0
2018,100,Nikola Mirotic,MIL,1,31,46,14,16.9,8.3,1.1,0.7,0.8,1.2,59.5,2.6,0.002,20.9,12.1,0,0,0
2018,100,Jordan Clarkson,CLE,15,47,48,8,16.8,3.2,2.3,0.7,0.2,1.7,53.9,1.8,0.001,27.3,10.7,0,0,0
2018,100,Ben Simmons,PHI,4,47,48,31,16.5,9.4,8.2,1.3,0.8,3.5,58.9,0,0.002,21.6,15.8,0,0,1
2018,100,Deandre Ayton,PHX,15,47,48,11,16.4,10.6,2,0.8,1,1.8,61.9,0,0.001,20.8,14.7,0,0,0
2018,100,Jayson Tatum,BOS,5,47,47,29,16.4,6.3,1.8,1,0.8,1.5,55.6,1.7,0.003,22.1,11.1,0,0,0
2018,100,Brandon Ingram,LAL,9,37,48,20,16.4,4.9,2.9,0.6,0.6,2.6,52,0.5,0.002,22.7,8.1,0,0,0
2018,100,Andre Drummond,DET,9,44,46,20,16.3,14.9,1.2,1.5,1.7,2.5,51.3,0.1,0.002,23.4,14,2,1,0
2018,100,Serge Ibaka,TOR,2,44,48,33,16.2,7.2,1.4,0.5,1.3,1.8,58.8,0.8,0.002,23.5,11.3,0,0,0
2018,100,Trae Young,ATL,12,46,46,14,16.1,3.1,7.2,0.9,0.2,4.1,50.8,1.5,0.001,26.4,9.8,0,0,0
2018,100,Eric Gordon,HOU,5,35,46,19,16,2.6,2.2,0.5,0.4,1.5,50.7,2.7,0.002,22.3,6.4,0,0,0
2018,100,Bojan Bogdanovic,IND,3,46,46,31,16,4.1,1.7,0.9,0,1.5,61.4,1.9,0.003,19.4,10.2,0,0,0
2018,100,Eric Bledsoe,MIL,1,46,46,34,15.8,4.4,5.5,1.4,0.4,2.1,58.4,1.5,0.003,21.9,12.5,0,0,0
2018,100,Aaron Gordon,ORL,11,43,47,18,15.8,7.6,3.3,0.8,0.7,1.9,54.2,1.5,0.002,21.2,11.2,0,0,0
2018,100,Montrezl Harrell,LAC,7,46,46,25,15.7,6.8,1.7,1,1.4,1.4,63.8,0,0.002,21.8,14.7,0,0,0
2018,100,Malcolm Brogdon,MIL,1,43,46,32,15.6,4.5,3.4,0.7,0.3,1.7,62.4,1.5,0.003,19.7,12.1,0,0,0
2018,100,Chris Paul,HOU,5,26,46,16,15.6,4,8,2.1,0.3,3,54.4,2,0.003,22.5,13.1,9,0,0
2018,100,Gary Harris,DEN,2,27,45,19,15.5,3.1,2.7,1,0.4,1.1,53.4,1.7,0.002,21.5,9.1,0,0,0
2018,100,Dennis Schroder,OKC,3,45,46,27,15.4,3.6,4.3,1,0.2,2.6,50,1.4,0.002,24.8,9.3,0,0,0
2018,100,Bogdan Bogdanovic,SAC,10,35,47,17,15.4,3.6,4.1,0.9,0.2,1.9,54.7,2.1,0.002,23.3,10.9,0,0,0
2018,100,Steven Adams,OKC,3,45,46,27,15.3,10,1.7,1.5,0.8,1.6,61.3,0,0.003,16.4,11.8,0,0,0
2018,100,Marc Gasol,TOR,2,46,48,19,15.3,8.5,4.7,1.2,1.3,2.2,53.4,1.4,0.002,22.4,13.4,3,0,0
2018,100,Goran Dragic,MIA,7,14,45,6,15.3,3.1,4.9,0.7,0.3,2.5,51,1.6,0.002,23.7,9.4,1,1,0
2018,100,Evan Fournier,ORL,11,46,47,20,15.2,3.1,3.7,0.9,0.2,2.1,53.3,2,0.002,22.6,7.5,0,0,0
2018,100,Jeremy Lamb,CHA,8,43,46,21,15.1,5.6,2,1,0.3,1,54.9,1.4,0.002,21.6,11.1,0,0,0
2018,100,Domantas Sabonis,IND,3,44,46,29,15,9.6,2.9,0.7,0.5,2.2,66.1,0.1,0.003,22.3,17.5,0,0,0
2018,100,Jusuf Nurkic,POR,4,48,48,29,15,10.4,3.3,1.1,1.5,2.3,56.3,0.1,0.002,23.6,14.7,0,0,0
2018,100,Pascal Siakam,TOR,2,47,48,35,15,7,2.9,1,0.7,1.8,63.8,0.7,0.003,18.3,12.1,0,0,0
2018,100,Rudy Gobert,UTA,8,48,48,26,14.9,13.1,2.2,0.9,2.1,1.6,67,0,0.003,17,17.5,0,0,0
2018,100,Marcus Morris Sr.,BOS,5,43,47,27,14.8,6,1.3,0.6,0.3,1.3,62,2.2,0.002,20.3,11.4,0,0,0
2018,100,Emmanuel Mudiay,NYK,14,38,45,9,14.7,3.1,3.9,0.8,0.3,2,53.2,1.1,0.001,24.4,10.1,0,0,0
2018,100,Jabari Parker,WAS,9,35,46,7,14.6,6.4,2.2,0.6,0.3,2.3,53.4,1,0.001,24.5,10.4,0,0,0
2018,100,Collin Sexton,CLE,15,48,48,9,14.5,3,2.8,0.5,0.1,2.3,49.1,0.9,0,24.8,6.4,0,0,0
2018,100,Enes Kanter,POR,4,42,48,10,14.4,10.8,2,0.4,0.4,1.8,59,0.2,0.001,21.3,15.4,0,0,0
2018,100,Reggie Jackson,DET,9,46,46,20,14.1,2.8,4.1,0.7,0.1,1.8,52.1,1.8,0.001,22.1,8.3,0,0,0
2018,100,Kent Bazemore,ATL,12,35,46,11,14,4,2.6,1.7,0.9,2.1,54.6,1.5,0.001,21.3,9.9,0,0,0
2018,100,Terrence Ross,ORL,11,47,47,20,14,3.1,1.6,0.9,0.4,1.1,55.4,2.3,0.002,22.2,10.2,0,0,0
2018,100,Rudy Gay,SAS,6,38,48,23,13.9,6.5,2.4,0.8,0.6,1.6,60.1,1.1,0.002,21.5,12.7,0,0,0
2018,100,Taurean Prince,ATL,12,25,46,6,13.9,4,2,1.1,0.3,2.3,55.5,2.2,0.001,21.9,8,0,0,0
2018,100,Kyle Lowry,TOR,2,37,48,28,13.9,4.5,9.4,1.5,0.5,2.7,55.2,2.1,0.003,18.6,11.9,4,1,1
2018,100,Dwyane Wade,MIA,7,36,45,18,13.8,3.6,4.2,0.6,0.5,2.3,51.3,1.3,0.002,25.3,10.7,12,0,1
2018,100,Joe Harris,BKN,6,44,48,25,13.5,3.7,2.5,0.6,0.2,1.6,64.3,2.4,0.001,17,8.9,0,0,0
2018,100,Jaren Jackson Jr.,MEM,14,47,47,19,13.5,4.7,1.1,0.9,1.5,1.7,59.6,0.8,0.002,22.9,10.4,0,0,0
2018,100,Kelly Oubre Jr.,PHX,15,46,48,15,13.5,4.3,0.9,0.9,0.8,1.2,55.4,1.5,0.001,21.1,8.9,0,0,0
2018,100,Wesley Matthews,IND,3,40,46,16,13.4,2.4,2.5,0.8,0.3,1.4,55.9,2.3,0.002,18.6,7,0,0,0
2018,100,Carmelo Anthony,HOU,5,10,46,4,13.4,5.4,0.5,0.4,0.7,0.8,51.3,2.1,0.001,19.9,7.4,10,0,0
2018,100,Willie Cauley-Stein,SAC,10,47,47,24,13.4,8.8,2.7,1.2,0.6,1.3,54.2,0,0.002,19.4,11.9,0,0,0
2018,100,Robert Covington,MIN,11,35,46,20,13.3,5.5,1.3,2.1,1.3,1.3,58,2.4,0.003,15.4,8.3,0,0,0
2018,100,Otto Porter Jr.,CHI,13,34,47,16,13,5.7,1.9,1.5,0.6,1,57.9,1.6,0.002,17.4,11.1,0,0,0
2018,100,Paul Millsap,DEN,2,37,45,26,12.8,6.7,1.9,1.3,0.9,1.4,56.9,0.7,0.002,20.2,11.7,4,0,0
2018,100,Jerami Grant,OKC,3,46,46,28,12.8,5,0.9,0.8,1.4,0.9,60.7,1,0.003,14.2,8.6,0,0,0
2018,100,Myles Turner,IND,3,41,46,29,12.8,7.3,1.7,0.5,2.8,1.5,56.5,0.8,0.003,19.9,12.1,0,0,0
2018,100,Jonas Valanciunas,MEM,14,30,47,23,12.8,7.2,1,0.4,0.8,1.3,63.9,0.3,0.002,25.2,17.4,0,0,0
2018,100,Ricky Rubio,UTA,8,41,48,19,12.8,3.5,6,1.3,0.2,3.1,51.3,1.4,0.003,22.4,9.7,0,0,0
2018,100,Dwight Howard,WAS,9,9,46,4,12.8,9.2,0.4,0.8,0.4,1.8,63.8,0,0.001,19.3,11.1,8,0,0
2018,100,Bobby Portis,WAS,9,16,46,3,12.7,7.4,1.4,0.5,0.4,1.4,51.5,1.2,0,26.3,11.5,0,0,0
2018,100,Rodney Hood,POR,4,40,48,8,12.7,2.4,2,0.9,0.1,0.9,55.4,1.2,0,19.4,8.3,0,0,0
2018,100,E'Twaun Moore,NOP,12,42,47,18,12.6,2.4,2.1,0.8,0.2,1.1,56.7,1.4,0.001,16.5,6.5,0,0,0
2018,100,Thaddeus Young,IND,3,46,46,31,12.6,6,1.8,1.6,0.4,1.2,57,0.5,0.003,17.5,9.9,0,0,0
2018,100,Dennis Smith Jr.,NYK,14,28,45,13,12.6,2.6,3.9,1.4,0.4,3.1,53.4,1.4,0.002,22.2,7.5,0,0,0
2018,100,Marvin Bagley III,SAC,10,33,47,18,12.4,6.3,0.9,0.5,0.9,1.6,57.9,0.3,0.001,22,11.1,0,0,0
2018,100,Hassan Whiteside,MIA,7,39,45,18,12.4,12.2,0.8,0.6,2.4,1.6,52.5,0.1,0.002,21.3,14.5,0,0,0
2018,100,Kevin Knox II,NYK,14,38,45,8,12.3,4.2,0.9,0.5,0.3,1.3,48.3,1.7,0,21.2,5.3,0,0,0
2018,100,Reggie Bullock,LAL,9,38,48,19,12.3,2.6,2.4,0.5,0.1,1.2,56.9,2.5,0.001,16.2,7.3,0,0,0
2018,100,Kris Dunn,CHI,13,21,47,5,12.2,4.3,6.5,1.4,0.3,2.5,49.5,0.5,0.001,21.4,10,0,0,0
2018,100,Al Horford,BOS,5,38,47,23,12.2,6.4,3.6,0.8,1.4,1.6,59.2,1.2,0.002,18.1,12.3,5,1,0
2018,100,Justise Winslow,MIA,7,40,45,19,12.2,5.3,4.2,1.1,0.3,2.1,51.2,1.4,0.003,20.5,10,0,0,0
2018,100,Brook Lopez,MIL,1,46,46,34,12.1,4,1,0.5,2.1,1,59.6,2.5,0.003,16.6,7.9,1,0,0
2018,100,Bryn Forbes,SAS,6,48,48,27,12.1,2.8,2.2,0.6,0,1.2,57.8,2.1,0.002,17.7,7.6,0,0,0
2018,100,Jaylen Brown,BOS,5,42,47,24,12,4.2,1.4,0.9,0.6,1.5,52.1,1.1,0.002,21.3,7.5,0,0,0
2018,100,Jae Crowder,UTA,8,47,48,25,12,4.8,1.7,0.7,0.4,1,53.8,2,0.002,18.5,9.1,0,0,0
2018,100,Trevor Ariza,WAS,9,42,46,12,11.7,5.8,3.8,1.5,0.2,1.7,51.1,2.1,0.001,15.9,8.5,0,0,0
2018,100,Jarrett Allen,BKN,6,46,48,25,11.7,8.8,1.4,0.6,1.6,1.4,62.7,0.1,0.001,16.9,12.8,0,0,0
2018,100,Cedi Osman,CLE,15,46,48,8,11.7,4.5,2.1,0.7,0.2,1.7,50.9,1.4,-0.001,17.9,6.4,0,0,0
2018,100,D.J. Augustin,ORL,11,46,47,20,11.6,2.1,4.8,0.5,0,1.5,63.3,1.7,0.002,16.5,9.8,0,0,0
2018,100,Jeff Teague,MIN,11,31,46,17,11.5,2.4,8.1,1.1,0.4,2.3,52.2,0.9,0.001,17.9,10,1,0,0
2018,100,Markieff Morris,OKC,3,34,46,13,11.5,5.1,1.8,0.7,0.6,1.4,54.3,1.4,0,19.4,7.7,0,0,0
2018,100,Joe Ingles,UTA,8,48,48,26,11.5,3.9,4.9,1.4,0.2,2.2,54.7,2,0.003,17.1,9.5,0,0,0
2018,100,Tristan Thompson,CLE,15,35,48,7,11.5,11.1,2.1,0.8,0.5,1.4,54.7,0,0,17.3,12.4,0,0,0
2018,100,Jeff Green,WAS,9,44,46,18,11.4,4.7,1.7,0.6,0.5,1.3,59.6,1.3,0.001,16.6,9,0,0,0
2018,100,Derrick Favors,UTA,8,47,48,25,11.2,7.3,1.1,0.7,1.3,1.1,61,0.3,0.002,18.2,13.3,0,0,0
2018,100,Tyler Johnson,PHX,15,38,48,19,11.1,2.8,2.4,1,0.5,1.4,55.2,1.8,0.002,19.1,9.4,0,0,0
2018,100,Trey Burke,DAL,13,29,46,8,11.1,2,2.8,0.6,0.1,0.8,49.1,0.9,0.001,24.6,10.5,0,0,0
2018,100,DeAndre Jordan,NYK,14,46,45,20,11,13.9,2,0.7,1.1,2.3,66.9,0,0.002,14.4,15,1,0,0
2018,100,DeMarcus Cousins,GSW,1,2,47,2,11,7.5,4,0.5,0.5,1,47.7,1.5,0.007,29.4,15.4,4,1,0
2018,100,J.J. Barea,DAL,13,38,46,20,10.9,2.5,5.6,0.6,0,1.9,49.5,1,0.001,26.3,13.1,0,0,0
2018,100,Tyreke Evans,IND,3,42,46,27,10.9,2.7,2.3,1,0.2,1.8,49.6,1.2,0.002,26.6,8.7,0,0,0
2018,100,Gordon Hayward,BOS,5,42,47,25,10.9,4.6,3.5,0.9,0.2,1.5,53.5,1.2,0.002,18.4,10.7,1,0,0
2018,100,DeMarre Carroll,BKN,6,36,48,20,10.9,5,1.1,0.3,0.1,1.1,54.2,1.6,0.002,18.8,9,0,0,0
2018,100,JaVale McGee,LAL,9,41,48,23,10.9,6.9,0.8,0.7,2.2,1.4,60.3,0,0.002,19,12.3,0,0,0
2018,100,Jeremy Lin,TOR,2,41,48,12,10.8,2.4,3.6,0.8,0.1,2,60.3,0.9,0.001,22,11.9,0,0,0
2018,100,Marco Belinelli,SAS,6,46,48,26,10.8,2.3,1.9,0.5,0.1,0.8,56.6,1.9,0.001,19.5,8.3,0,0,0
2018,100,Taj Gibson,MIN,11,45,46,22,10.7,6.9,1.3,0.8,0.6,1,60.5,0.2,0.001,15.8,10.5,0,0,0
2018,100,JaMychal Green,LAC,7,35,46,11,10.4,6.7,0.9,0.9,0.7,1.7,58.5,0.9,0.001,20,11,0,0,0
2018,100,Alex Len,ATL,12,42,46,13,10.4,5.7,1,0.3,1,1.5,54.8,0.5,0.001,21.5,9.2,0,0,0
2018,100,Justin Holiday,MEM,14,47,47,11,10.4,4.1,2,1.7,0.5,1.3,51.3,2.2,0.002,15.2,7.3,0,0,0
2018,100,Wendell Carter Jr.,CHI,13,44,47,10,10.3,7,1.8,0.6,1.3,1.5,54.1,0.1,0.001,19.2,10,0,0,0
2018,100,Will Barton,DEN,2,6,45,4,10.3,4,2.7,0.2,0.5,1.3,52.2,1.8,0.001,22.9,8.2,0,0,0
2018,100,Malik Beasley,DEN,2,45,45,31,10.3,2.6,1.2,0.6,0.1,0.6,60.9,1.9,0.002,16,8.8,0,0,0
2018,100,Dario Saric,MIN,11,45,46,25,10.3,5.7,1.6,0.5,0.1,1.3,54.3,1.4,0.002,17.2,8.6,0,0,0
2018,100,Malik Monk,CHA,8,43,46,20,10.2,1.7,1.8,0.6,0.2,1.3,52.8,1.6,0.001,24.2,7.9,0,0,0
2018,100,Elfrid Payton,NOP,12,16,47,11,10.2,3.8,5.6,1.3,0.1,2.6,54,0.8,0.001,18.4,8.9,0,0,0
2018,100,Alec Burks,SAC,10,45,47,13,10.2,3.8,2,0.6,0.4,1.1,51.8,1.1,0,19.8,8.9,0,0,0
2018,100,Fred VanVleet,TOR,2,42,48,31,10.2,2.6,4.5,0.9,0.3,1.2,52.2,1.6,0.002,17.5,9.1,0,0,0
2018,100,Dewayne Dedmon,ATL,12,36,46,11,10.1,7.5,1.3,1,1,1.4,57.7,1.2,0.001,16.8,10.3,0,0,0
2018,100,Marvin Williams,CHA,8,45,46,22,10.1,5.6,1.2,0.9,0.8,0.5,55.2,2,0.002,14.9,8.4,0,0,0
2018,100,Danny Green,TOR,2,46,48,33,10,4.2,1.3,0.9,0.8,1.1,59.6,2.3,0.003,13.6,6.8,0,0,0
2018,100,Kentavious Caldwell-Pope,LAL,9,48,48,25,10,2.7,1.1,0.8,0.1,0.7,56.5,1.5,0.001,15.9,7.8,0,0,0
2018,100,Nemanja Bjelica,SAC,10,47,47,24,10,5.8,2.1,0.7,0.8,1.2,59.6,1.4,0.001,16.4,9.9,0,0,0
2018,100,Allonzo Trier,NYK,14,38,45,9,9.9,2.8,1.9,0.4,0.3,1.8,54.5,0.6,0.001,20.2,8.6,0,0,0
2018,100,Lonzo Ball,LAL,9,47,48,25,9.9,5.3,5.4,1.5,0.4,2.2,48.7,1.6,0.002,16.7,8.7,0,0,0
2018,100,Monte Morris,DEN,2,45,45,31,9.9,2.5,3.9,1,0,0.6,55.3,1.1,0.002,16.8,11.1,0,0,0
2018,100,Shai Gilgeous-Alexander,LAC,7,46,46,25,9.8,2.7,2.9,1,0.6,1.8,54.6,0.5,0.001,17.4,7.4,0,0,0
2018,100,Garrett Temple,LAC,7,47,46,19,9.7,3.1,1.4,1,0.5,1.1,55.4,1.6,0.002,14.1,5.7,0,0,0
2018,100,Al-Farouq Aminu,POR,4,48,48,29,9.6,8.1,1.1,1,0.4,0.8,57,1.4,0.002,13,9.5,0,0,0
2018,100,Josh Jackson,PHX,15,48,48,11,9.6,4,2.3,1,0.5,2.4,47.5,0.7,0.001,23.2,6.7,0,0,0
2018,100,Darren Collison,IND,3,46,46,31,9.5,2.9,5.6,1.5,0.2,1.5,55.7,1,0.002,15.8,10.5,0,0,0
2018,100,Damyean Dotson,NYK,14,36,45,5,9.5,3.6,1.3,0.9,0.1,0.7,53.9,1.4,0.001,15.3,8.2,0,0,0
2018,100,Dion Waiters,MIA,7,8,45,4,9.5,2.4,1.9,0.4,0.1,1,52.6,1.5,0.002,26.3,12.2,0,0,0
2018,100,Tony Parker,CHA,8,41,46,22,9.5,1.5,3.9,0.4,0.1,1.3,50.1,0.2,0.001,24.2,10.4,6,0,0
2018,100,Allen Crabbe,BKN,6,28,48,11,9.5,3.5,1.1,0.6,0.3,1.1,50.1,2.3,0.001,16.4,4.9,0,0,0
2018,100,Rodions Kurucs,BKN,6,31,48,20,9.5,3.5,0.7,0.6,0.3,1.1,60.8,0.9,0.001,17.6,8.3,0,0,0
2018,100,Gerald Green,HOU,5,42,46,24,9.4,2.7,0.6,0.4,0.3,0.8,56.4,2.2,0.001,18,6.3,0,0,0
2018,100,Rondae Hollis-Jefferson,BKN,6,37,48,18,9.4,5.6,1.8,0.8,0.5,1.1,46,0.2,0.001,20.4,8.3,0,0,0
2018,100,Cody Zeller,CHA,8,35,46,18,9.3,6.2,2.1,0.7,0.8,1.3,61.8,0.1,0.001,15.3,9.8,0,0,0
2018,100,Trey Lyles,DEN,2,43,45,30,9.3,4.3,1.4,0.5,0.4,1.2,50.5,0.8,0.002,22.8,9.8,0,0,0
2018,100,Patty Mills,SAS,6,48,48,27,9.3,2.4,2.9,0.7,0.2,1.1,56.9,1.7,0.001,16.3,8,0,0,0
2018,100,Rodney McGruder,LAC,7,44,46,21,9.2,3.9,2.2,0.6,0.2,1.3,51.7,1.5,0.002,15.4,6.9,0,0,0
2018,100,Kevin Huerter,ATL,12,43,46,14,9.2,3.2,2.6,0.8,0.4,1.6,53.8,1.7,0.002,14.7,6.2,0,0,0
2018,100,Josh Hart,LAL,9,48,48,25,9.1,4.1,1.5,1.1,0.6,1,53.8,1.6,0.002,13.7,7,0,0,0
2018,100,Thomas Bryant,WAS,9,36,46,17,9.1,5.6,0.9,0.4,0.8,0.7,71.2,0.3,0.001,15.7,14.4,0,0,0
2018,100,Danuel House Jr.,HOU,5,25,46,16,9,3.6,1,0.6,0.4,0.9,63.1,1.6,0.001,13.6,7.5,0,0,0
2018,100,Kelly Olynyk,MIA,7,43,45,22,9,4.2,1.7,0.6,0.3,1.3,59.4,1.4,0.002,18.3,10.4,0,0,0
2018,100,DeAndre' Bembry,ATL,12,46,46,14,9,4.4,2.7,1.3,0.6,1.8,50,0.8,0.001,17,7.7,0,0,0
2018,100,Iman Shumpert,HOU,5,37,46,20,8.9,2.9,2,1.2,0.4,0.9,51.4,1.8,0.001,15.1,6,0,0,0
2018,100,Shabazz Napier,BKN,6,36,48,16,8.9,1.8,2.1,0.8,0.3,1.1,54.9,1.3,0.001,23.1,10.9,0,0,0
2018,100,Nicolas Batum,CHA,8,46,46,22,8.9,5.2,3.4,1,0.4,1.7,58.5,1.3,0.002,12.7,8.4,0,0,0
2018,100,Larry Nance Jr.,CLE,15,39,48,8,8.8,7.5,3.2,1.5,0.7,1.3,58.8,0.3,0.001,14.9,12.5,0,0,0
2018,100,Derrick White,SAS,6,39,48,21,8.8,3.3,3.5,0.9,0.5,1.5,57.1,0.7,0.002,16.5,8.9,0,0,0
2018,100,Noah Vonleh,NYK,14,45,45,10,8.7,8.4,2,0.8,0.9,1.4,57.4,0.8,0.001,14.1,10.6,0,0,0
2018,100,Austin Rivers,HOU,5,43,46,20,8.7,2.6,2.5,0.6,0.3,1.1,50.8,1.5,0.001,14.5,4.5,0,0,0
2018,100,Ish Smith,DET,9,25,46,15,8.7,1.8,2.8,0.4,0.3,1,47.4,1.1,0.002,17.8,6.1,0,0,0
2018,100,Juancho Hernangomez,DEN,2,43,45,29,8.7,5.1,1,0.4,0.4,0.7,63.4,1.4,0.002,12.4,8.7,0,0,0
2018,100,Kyle Korver,UTA,8,42,48,19,8.7,2,0.9,0.3,0.2,0.9,61.6,1.9,0.002,17.2,8,1,0,0
2018,100,Dwight Powell,DAL,13,42,46,18,8.6,4.2,1,0.5,0.6,0.9,64.5,0.3,0.001,18.3,11.9,0,0,0
2018,100,Rajon Rondo,LAL,9,14,48,8,8.4,4.4,6.7,1,0,2.1,50.5,0.7,0.002,17.4,11.9,4,0,0
2018,100,Antonio Blakeney,CHI,13,36,47,9,8.4,1.8,0.5,0.3,0.2,0.7,50.6,0.9,0.001,25.2,7.8,0,0,0
2018,100,Terry Rozier,BOS,5,47,47,29,8.4,4,2.8,0.9,0.3,0.9,48.1,1.4,0.002,17.6,10.1,0,0,0
2018,100,Luke Kennard,DET,9,28,46,9,8.4,2.8,1.4,0.3,0.2,0.9,54.1,1.4,0.001,18.2,8.5,0,0,0
2018,100,Langston Galloway,DET,9,44,46,20,8.3,2.4,1.1,0.4,0.1,0.4,52.3,1.6,0.002,15.2,6.3,0,0,0
2018,100,Landry Shamet,LAC,7,48,46,31,8.3,1.5,0.9,0.4,0.1,0.5,60.1,1.8,0.001,14.9,5.9,0,0,0
2018,100,Shelvin Mack,CHA,8,45,46,19,8.2,2,3.4,0.8,0.1,1.2,51.6,0.9,0.002,17.4,8.5,0,0,0
2018,100,Markelle Fultz,ORL,11,19,47,12,8.2,3.7,3.1,0.9,0.3,1.3,45.2,0.2,0.002,18.9,6.9,0,0,0
2018,100,P.J. Tucker,HOU,5,46,46,26,8.1,6.3,1.3,1.4,0.4,0.8,55.7,1.8,0.002,10,6,0,0,0
2018,100,Evan Turner,POR,4,47,48,29,8.1,4.9,4,0.6,0.3,1.7,51.2,0.1,0.002,16.4,9.8,0,0,0
2018,100,Richaun Holmes,PHX,15,45,48,10,8,4.4,0.8,0.6,1.1,0.8,69.7,0,0.001,16.9,14.2,0,0,0
2018,100,Alan Williams,BKN,6,1,48,0,8,8,2,0,0,1,69.4,0,0.003,28,37.1,0,0,0
2018,100,James Johnson,MIA,7,29,45,16,8,3.3,2.3,0.6,0.4,1.2,51.7,1,0.001,18.5,7.8,0,0,0
2018,100,Bam Adebayo,MIA,7,45,45,22,8,6.7,2.1,0.7,0.9,1.4,60.6,0,0.002,15.2,12.4,0,0,0
2018,100,Ivica Zubac,LAC,7,27,46,12,8,4.4,0.7,0.1,0.8,0.8,67.6,0,0.002,19.3,15.1,0,0,0
2018,100,Wayne Ellington,DET,9,22,46,9,7.9,1.9,1.3,1,0.1,0.6,53.5,2.2,0.001,15.3,7,0,0,0
2018,100,Jonathan Isaac,ORL,11,41,47,16,7.9,4.8,1,0.7,1.1,1.1,51.2,0.7,0.001,15,6.9,0,0,0
2018,100,Michael Kidd-Gilchrist,CHA,8,39,46,19,7.9,4.6,0.9,0.5,0.8,0.7,56.3,0.3,0.002,16.2,8.6,0,0,0
2018,100,Kyle Anderson,MEM,14,41,47,19,7.9,5.8,3,1.3,0.9,1.2,56.9,0.2,0.002,12.3,10,0,0,0
2018,100,Stanley Johnson,NOP,12,41,47,19,7.8,3.7,1.2,1,0.3,1.3,48.7,1,0.002,19.1,8.2,0,0,0
2018,100,Marcus Smart,BOS,5,46,47,29,7.8,2.8,4,1.8,0.4,1.3,56.1,1.4,0.002,13.2,7.9,0,0,0
2018,100,Davis Bertans,SAS,6,44,48,24,7.7,3.5,1.1,0.5,0.5,0.5,69.4,2,0.002,12.9,9.3,0,0,0
2018,100,Avery Bradley,MEM,14,40,47,20,7.7,2.5,2,0.6,0.4,1.3,45.1,1,0.001,14.3,2.7,0,0,0
2018,100,George Hill,MIL,1,34,46,19,7.7,2.4,2.5,0.9,0.1,0.9,56,0.8,0.002,14,7.2,0,0,0
2018,100,Willy Hernangomez,CHA,8,38,46,19,7.7,5.7,1,0.3,0.3,1,58.7,0.3,0,21.3,12.7,0,0,0
2018,100,Dorian Finney-Smith,DAL,13,46,46,20,7.6,4.4,0.7,1,0.5,0.9,55.6,1,0.002,12.8,6.6,0,0,0
2018,100,Quinn Cook,GSW,1,41,47,27,7.6,2.2,1.7,0.3,0.1,0.8,57.6,1.2,0,20.9,9.7,0,0,0
2018,100,Mikal Bridges,PHX,15,48,48,11,7.6,2.8,1.6,1.4,0.5,0.7,55.4,1.3,0.002,12.1,6.2,0,0,0
2018,100,Derrick Jones Jr.,MIA,7,34,45,16,7.6,4.4,0.5,0.9,0.7,0.7,58.2,0.5,0.002,15.7,10.4,0,0,0
2018,100,Norman Powell,TOR,2,26,48,22,7.5,1.9,1.5,0.8,0.2,0.8,58.7,0.9,0.001,16.1,8.7,0,0,0
2018,100,OG Anunoby,TOR,2,39,48,28,7.5,3,0.7,0.7,0.3,0.7,52.4,1.2,0.001,15.5,5.8,0,0,0
2018,100,Dillon Brooks,MEM,14,18,47,9,7.5,1.7,0.9,0.6,0.2,1.1,49.9,0.8,0.001,20.7,3.4,0,0,0
2018,100,Michael Beasley,LAL,9,20,48,9,7.5,2.1,0.8,0.4,0.4,1.1,58.4,0.2,0.001,29.5,12.8,0,0,0
2018,100,Isaiah Canaan,MIL,1,19,46,4,7.5,2.6,3.3,0.6,0,1.5,51.5,1.3,0.001,14.6,5.3,0,0,0
2018,100,Mason Plumlee,DEN,2,45,45,31,7.4,5.9,2.5,1,0.9,1.5,59.8,0,0.002,16,10.7,0,0,0
2018,100,Mario Hezonja,NYK,14,39,45,10,7.4,3.4,0.9,0.9,0.1,1.1,47.2,0.7,0.001,20.3,7.1,0,0,0
2018,100,Mike Muscala,LAL,9,41,48,27,7.4,4.2,1.4,0.4,0.6,1,56.3,1.4,0.002,13.8,6.9,0,0,0
2018,100,Dante Exum,UTA,8,39,48,19,7.4,1.7,2.7,0.4,0.1,1.2,53,0.5,0.002,20.7,9.1,0,0,0
2018,100,Tomas Satoransky,WAS,9,46,46,20,7.3,2.8,3.6,1,0.2,1.2,58.9,0.7,0.002,13.5,8.7,0,0,0
2018,100,Justin Jackson,DAL,13,46,46,24,7.3,2.9,1.3,0.4,0.3,0.4,56.8,1.2,0.001,12.8,7.5,0,0,0
2018,100,James Ennis III,PHI,4,32,48,17,7.3,2.6,0.7,0.9,0.4,0.6,62.1,1.1,0.001,12.3,5.2,0,0,0
2018,100,Cory Joseph,IND,3,46,46,31,7.2,3.5,3.8,1.1,0.2,1.2,52.4,0.8,0.003,13.5,9.4,0,0,0
2018,100,Draymond Green,GSW,1,33,47,25,7.2,7.7,7.3,1.6,0.9,2.6,49.2,0.6,0.003,13.2,10,3,1,0
2018,100,Jonas Jerebko,GSW,1,47,47,33,7.1,4.9,1.6,0.3,0.2,0.7,60.5,1.1,0.001,14.1,9.6,0,0,0
2018,100,Jonathon Simmons,PHI,4,37,48,17,7.1,2.3,2.2,0.5,0.4,1.4,44.5,0.5,0.001,19.1,5.4,0,0,0
2018,100,Zach Collins,POR,4,48,48,29,7.1,4.2,1,0.4,0.8,1,57.6,0.6,0.001,16.4,7.9,0,0,0
2018,100,Sam Dekker,WAS,9,28,46,10,7.1,3.4,0.9,1.1,0.1,0.5,56.8,0.4,0.001,16.2,10.7,0,0,0
2018,100,Josh Okogie,MIN,11,38,46,18,7.1,2.9,1.2,0.9,0.4,0.9,47.7,0.7,0.002,15.7,5,0,0,0
2018,100,Corey Brewer,SAC,10,2,47,2,7,2.5,1.5,1.5,1,1.5,54.3,0.5,0.004,15.4,7.9,0,0,0
2018,100,Lance Stephenson,LAL,9,47,48,24,7,3,2,0.6,0.1,1.2,53.2,1,0.001,20.4,9.4,0,0,0
2018,100,Luke Kornet,NYK,14,23,45,4,7,2.5,1.3,0.6,0.5,0.6,60,1.6,0.001,17.9,10.6,0,0,0
2018,100,Ersan Ilyasova,MIL,1,34,46,25,6.9,4.8,1,0.7,0.2,0.8,54.9,0.9,0.002,15.5,8.1,0,0,0
2018,100,Darius Miller,NOP,12,42,47,22,6.9,1.5,1.6,0.6,0.4,0.8,57.9,1.7,0.001,11.6,4.2,0,0,0
2018,100,Jake Layman,POR,4,37,48,22,6.8,2.5,0.5,0.5,0.3,0.5,62.9,0.9,0.001,15.2,8.9,0,0,0
2018,100,Miles Bridges,CHA,8,44,46,21,6.8,3.6,1,0.5,0.6,0.6,53.9,0.7,0.001,14.7,8.4,0,0,0
2018,100,Vince Carter,ATL,12,43,46,12,6.8,2.7,1,0.6,0.3,0.7,54.4,1.5,0.001,16.6,7.6,8,0,0
2018,100,Jalen Brunson,DAL,13,39,46,15,6.7,1.7,2.2,0.5,0,0.8,51,0.6,0.001,17.7,7.5,0,0,0
2018,100,Doug McDermott,IND,3,46,46,31,6.7,1.3,0.8,0.2,0.1,0.5,62.1,1.1,0.002,13.9,6.8,0,0,0
2018,100,JR Smith,CLE,15,11,48,1,6.7,1.6,1.9,1,0.3,1,44.4,1.1,0.002,17.6,5.1,0,0,0
2018,100,Delon Wright,MEM,14,43,47,30,6.7,2.5,2.2,0.9,0.3,0.7,52.9,0.7,0.001,16,10,0,0,0
2018,100,Patrick Beverley,LAC,7,46,46,25,6.7,4.1,3.4,0.7,0.5,1.1,52.9,1.2,0.001,12,6.3,0,0,0
2018,100,T.J. McConnell,PHI,4,42,48,26,6.7,2.2,3.8,1.2,0.3,1.4,58.6,0.2,0.001,13.9,9.5,0,0,0
2018,100,Wilson Chandler,LAC,7,33,46,22,6.6,4.8,2,0.5,0.5,1,55.6,1.2,0.002,10.9,6,0,0,0
2018,100,Kevon Looney,GSW,1,47,47,33,6.6,5.9,1.9,0.5,0.8,0.7,62.5,0,0.001,11.5,8.6,0,0,0
2018,100,Boban Marjanovic,PHI,4,32,48,15,6.6,4,0.6,0.3,0.5,1.1,66.5,0,0.001,23.3,15.9,0,0,0
2018,100,Jamal Crawford,PHX,15,38,48,8,6.6,1.2,3.2,0.4,0.2,1.5,46.6,0.7,0,20.3,6.4,0,0,0
2018,100,Daniel Theis,BOS,5,35,47,22,6.6,4.1,1.1,0.3,0.6,0.6,61.9,0.5,0.002,16.1,9.8,0,0,0
2018,100,MarShon Brooks,MEM,14,29,47,15,6.6,1.6,0.9,0.3,0.1,0.7,51.8,0.5,0.001,23.3,8.4,0,0,0
2018,100,Cameron Payne,CLE,15,39,48,7,6.4,1.8,2.7,0.7,0.2,1.1,51.8,0.6,0,17,7.4,0,0,0
2018,100,Mo Bamba,ORL,11,42,47,18,6.4,4.9,0.9,0.3,1.4,0.9,53.5,0.5,0.001,17.8,10.3,0,0,0
2018,100,Maxi Kleber,DAL,13,41,46,18,6.3,3.9,0.7,0.5,1.2,0.6,57.1,1,0.002,13.4,8.9,0,0,0
2018,100,D.J. Wilson,MIL,1,18,46,15,6.3,5,1,0.4,0.6,0.4,58.6,1.1,0.002,13.4,9.5,0,0,0
2018,100,Devin Harris,DAL,13,34,46,16,6.3,1.5,1.2,0.7,0.2,0.7,53.5,0.8,0.001,18,7.2,1,0,0
2018,100,Ryan Arcidiacono,CHI,13,46,47,11,6.3,2.4,3.5,1,0,0.9,60.3,1.3,0.002,10.2,7.2,0,0,0
2018,100,Nik Stauskas,CLE,15,43,48,25,6.2,1.9,1.4,0.3,0.1,0.9,54.7,1,0,17.5,8.1,0,0,0
2018,100,Tony Snell,MIL,1,46,46,34,6.2,2,0.8,0.3,0.2,0.3,60.2,1.2,0.002,13.2,7.5,0,0,0
2018,100,Maurice Harkless,POR,4,28,48,15,6.1,3.9,0.8,0.9,1,0.6,53.9,0.6,0.001,12.1,5.9,0,0,0
2018,100,Ante Zizic,CLE,15,32,48,5,6.1,4.3,0.6,0.2,0.4,0.7,59.1,0,0.001,18.1,11.3,0,0,0
2018,100,Troy Daniels,PHX,15,22,48,5,6.1,1.1,0.4,0.6,0,0.6,58.3,1.5,0.001,17.3,6.3,0,0,0
2018,100,Frank Ntilikina,NYK,14,38,45,9,6.1,1.9,2.7,0.7,0.3,1.3,42.6,0.8,0.001,16.6,3.7,0,0,0
2018,100,Elie Okobo,PHX,15,30,48,4,6.1,1.8,2.4,0.7,0.1,1.4,48,0.7,0.001,18.2,5.4,0,0,0
2018,100,Furkan Korkmaz,PHI,4,39,48,26,6,2.4,1.2,0.6,0.1,0.6,52.3,1.1,0.001,17.2,8.1,0,0,0
2018,100,Henry Ellenson,NYK,14,2,45,0,6,4.5,0.5,0,0,0,55.1,1,0,19.3,13.7,0,0,0
2018,100,Omri Casspi,MEM,14,34,47,14,6,3.1,0.8,0.4,0.3,0.6,59.8,0.4,0.001,16.8,11.3,0,0,0
2018,100,Torrey Craig,DEN,2,40,45,29,6,4.1,1,0.5,0.5,0.9,52.4,0.9,0.001,12.1,4.6,0,0,0
2018,100,Pat Connaughton,MIL,1,29,46,20,6,3.6,2,0.4,0.5,0.6,51.9,0.9,0.002,14.7,9.3,0,0,0
2018,100,David Nwaba,CLE,15,21,48,6,6,2.8,0.7,0.6,0.3,0.4,51.7,0.4,0.001,16.2,7.2,0,0,0
2018,100,Omari Spellman,ATL,12,29,46,8,5.9,4.1,0.9,0.6,0.7,0.7,52.5,0.9,0.001,14.5,8.1,0,0,0
2018,100,Robin Lopez,CHI,13,39,47,9,5.9,2.9,1,0.2,0.8,1.3,55,0.1,0.001,17.3,6.4,0,0,0
2018,100,Terrance Ferguson,OKC,3,39,46,24,5.9,1.8,0.7,0.5,0.3,0.6,55.3,1.3,0.002,10.4,2.3,0,0,0
2018,100,Ed Davis,BKN,6,47,48,25,5.8,8.6,0.7,0.5,0.3,0.9,63.3,0,0.002,12.4,13.5,0,0,0
2018,100,Seth Curry,POR,4,42,48,26,5.8,1.4,1,0.4,0.1,0.7,56.8,1.3,0.002,14.4,5.2,0,0,0
2018,100,Meyers Leonard,POR,4,45,48,27,5.8,4.1,1.2,0.3,0.2,0.7,65.4,0.8,0.001,15.1,11.7,0,0,0
2018,100,Chasson Randle,WAS,9,16,46,8,5.8,1.3,2.1,0.6,0.1,1.1,57.1,0.8,0.001,16.1,5.8,0,0,0
2018,100,Sterling Brown,MIL,1,36,46,28,5.8,2.9,1.3,0.4,0.1,0.7,59.8,1,0.001,14.7,8.9,0,0,0
2018,100,Troy Williams,SAC,10,18,47,7,5.7,3.1,0.6,0.6,0.4,0.4,55,0.8,0.001,14,7.4,0,0,0
2018,100,Matthew Dellavedova,CLE,15,31,48,13,5.7,1.4,3.2,0.2,0,1.4,58,1,0.001,17.8,8.8,0,0,0
2018,100,Kenneth Faried,HOU,5,13,46,3,5.7,3.8,0.2,0.2,0.3,0.6,64,0.2,0.001,19.1,13.6,0,0,0
2018,100,Harry Giles III,SAC,10,34,47,15,5.7,3.3,1.5,0.7,0.4,1.3,49.6,0,0.001,23.4,7.7,0,0,0
2018,100,Chandler Parsons,MEM,14,3,47,2,5.7,1.3,0.7,0.3,0.3,0.7,50,1,0.001,17.6,2.9,0,0,0
2018,100,Yogi Ferrell,SAC,10,37,47,18,5.6,1.5,1.7,0.4,0.1,0.4,54.9,0.7,0.001,15.9,9.7,0,0,0
2018,100,De'Anthony Melton,PHX,15,31,48,8,5.6,2.7,3.5,1.5,0.5,1.7,45.4,0.8,0.001,16,6,0,0,0
2018,100,Andre Iguodala,GSW,1,42,47,29,5.6,3.8,3,0.9,0.8,0.8,57,0.7,0.002,10.3,8.8,1,0,0
2018,100,John Henson,CLE,15,14,48,10,5.6,5.1,1,0.5,0.8,0.9,55.3,0.8,0.001,17.3,12.7,0,0,0
2018,100,Alex Abrines,OKC,3,29,46,19,5.6,1.6,0.7,0.6,0.2,0.5,51,1.4,0.002,12,4.3,0,0,0
2018,100,Aron Baynes,BOS,5,29,47,18,5.6,4.4,1.2,0.1,0.6,0.8,57.6,0.4,0.002,16,9.4,0,0,0
2018,100,Frank Kaminsky,CHA,8,23,46,11,5.6,2.5,1.1,0.2,0.2,0.8,59.5,0.6,0.001,20,9.4,0,0,0
2018,100,Shaquille Harrison,CHI,13,38,47,9,5.6,2.7,1.6,1.2,0.3,0.8,46.2,0.3,0.001,16.5,7.5,0,0,0
2018,100,Tyus Jones,MIN,11,43,46,20,5.4,1.7,4,1.3,0.1,0.6,46.1,0.5,0.002,13.3,9.1,0,0,0
2018,100,Damian Jones,GSW,1,24,47,15,5.4,3.1,1.2,0.5,1,0.7,72,0,0.001,11.3,7.2,0,0,0
2018,100,Jakob Poeltl,SAS,6,44,48,23,5.4,5,1.3,0.2,0.7,0.7,63.2,0,0.001,13.5,10.7,0,0,0
2018,100,Gorgui Dieng,MIN,11,46,46,22,5.4,4,0.8,0.5,0.6,0.7,56.4,0.2,0.001,16.6,10.3,0,0,0
2018,100,Courtney Lee,DAL,13,10,46,1,5.3,2.4,1.4,0.8,0.2,0.4,52.7,0.5,0.001,14.8,8.8,0,0,0
2018,100,Alfonzo McKinnie,GSW,1,38,47,29,5.2,3.7,0.4,0.2,0.2,0.5,54.7,0.7,0.001,14.4,6,0,0,0
2018,100,Marcin Gortat,LAC,7,39,46,20,5.2,5.6,1.5,0.2,0.5,1.1,56.6,0,0,14.7,9.6,0,0,0
2018,100,CJ Miles,MEM,14,35,47,25,5.2,1.7,0.6,0.5,0.2,0.5,45.2,1,0.001,17.7,3.9,0,0,0
2018,100,Greg Monroe,PHI,4,31,48,22,5.2,4.3,0.4,0.3,0.3,0.9,50.1,0,0.001,21.3,9.9,0,0,0
2018,100,Bruce Brown,DET,9,39,46,15,5.1,3,1.5,0.5,0.5,0.8,46,0.4,0.002,13,4.4,0,0,0
2018,100,Wayne Selden,CHI,13,40,47,16,5.1,1.4,1.2,0.3,0.2,0.7,48,0.6,0.001,17.6,4.3,0,0,0
2018,100,Aaron Holiday,IND,3,28,46,20,5.1,1.4,1.4,0.4,0.4,0.6,52.8,0.6,0.001,21.6,10.2,0,0,0
2018,100,Jalen Jones,CLE,15,16,48,3,5.1,2.1,0.4,0.6,0.1,0.5,54.8,0.6,0,16.2,5.4,0,0,0
2018,100,Chandler Hutchison,CHI,13,42,47,10,5,4,0.7,0.5,0.1,0.5,51.5,0.3,0.001,12,7.3,0,0,0
2018,100,Nerlens Noel,OKC,3,42,46,27,5,4.5,0.5,1,1.4,0.6,62.8,0,0.002,13.5,14.1,0,0,0
2018,100,Jared Dudley,BKN,6,43,48,21,5,2.8,1.5,0.7,0.3,0.9,52.3,0.9,0.001,10.9,4.3,0,0,0
2018,100,Luc Mbah a Moute,LAC,7,4,46,2,5,1.8,0.5,0.3,0.3,0.5,49.5,0.5,0.002,14.1,2.8,0,0,0
2018,100,Raul Neto,UTA,8,19,48,11,4.9,1.5,2,0.4,0,0.9,61.7,0.5,0.001,17.4,10.2,0,0,0
2018,100,Jahlil Okafor,NOP,12,28,47,14,4.9,3.1,0.4,0.2,0.3,0.4,58.7,0,0.001,19,10.9,0,0,0
2018,100,Treveon Graham,BKN,6,11,48,8,4.9,2.9,1,0.4,0.4,0.8,41.4,0.7,0.002,12.2,2.2,0,0,0
2018,100,Alex Poythress,ATL,12,18,46,6,4.9,3.3,0.7,0.2,0.4,0.6,59.3,0.4,0,13.5,6.9,0,0,0
2018,100,Damion Lee,GSW,1,16,47,8,4.9,1.8,0.2,0.5,0,0.5,61.2,0.8,0.001,15.3,7,0,0,0
2018,100,Johnathan Motley,LAC,7,7,46,4,4.9,1.4,0.4,0.1,0.1,0.7,58.1,0,0,33,13,0,0,0
2018,100,Donte DiVincenzo,MIL,1,23,46,17,4.8,2.4,1.2,0.5,0.3,0.8,49.2,0.7,0.002,14.5,5.9,0,0,0
2018,100,Frank Jackson,NOP,12,32,47,13,4.8,1.1,0.7,0.3,0,0.5,55.5,0.7,0,15.3,4.4,0,0,0
2018,100,Mitchell Robinson,NYK,14,30,45,9,4.8,3.9,0.6,0.7,1.8,0.5,65.3,0,0.001,10.3,7,0,0,0
2018,100,Devin Robinson,WAS,9,4,46,1,4.8,1.8,0.5,0.8,0.3,0,60.7,0,0,19.7,12.7,0,0,0
2018,100,Royce O'Neale,UTA,8,48,48,26,4.8,3.3,1.3,0.6,0.3,0.8,57.9,0.7,0.002,11.4,7.9,0,0,0
2018,100,Frank Mason,SAC,10,31,47,14,4.7,1.2,2.5,0.5,0.1,0.9,48,0.3,0,19.5,8.4,0,0,0
2018,100,Tim Frazier,MIL,1,36,46,15,4.7,2.8,4.1,0.5,0.1,1.3,55,0.6,0.001,11.9,7.5,0,0,0
2018,100,Thon Maker,DET,9,35,46,27,4.7,2.7,0.5,0.3,0.5,0.3,54.6,0.7,0.002,16.2,8.4,0,0,0
2018,100,Jaron Blossomgame,CLE,15,22,48,4,4.7,4,0.5,0.3,0.3,0.4,54.4,0.4,0.001,11.8,8.4,0,0,0
2018,100,Raymond Felton,OKC,3,15,46,10,4.7,1.4,1.8,0.4,0.3,0.7,43.8,0.4,0.002,21.9,10.5,0,0,0
2018,100,Grayson Allen,UTA,8,21,48,11,4.6,0.3,0.7,0.1,0.1,0.7,47,0.8,0,20.8,1.4,0,0,0
2018,100,Dwayne Bacon,CHA,8,23,46,10,4.6,1.5,0.7,0.1,0,0.5,62.9,0.5,0.001,16,8.1,0,0,0
2018,100,Bismack Biyombo,CHA,8,21,46,8,4.6,4.9,0.5,0.3,1.2,0.6,60.7,0,0.001,13,10.4,0,0,0
2018,100,Wes Iwundu,ORL,11,37,47,14,4.6,2.1,0.8,0.4,0.2,0.6,49.1,0.3,0.001,13.6,4.3,0,0,0
2018,100,Shaun Livingston,GSW,1,36,47,24,4.6,1.9,2,0.5,0.4,0.6,52,0,0.001,13.3,7.7,0,0,0
2018,100,Anthony Tolliver,MIN,11,31,46,14,4.5,2.1,0.6,0.4,0.3,0.6,60.6,1.1,0.001,11.5,5.8,0,0,0
2018,100,Miles Plumlee,ATL,12,18,46,1,4.4,2.2,0.9,0.3,0.2,0.6,65.4,0,0,16.6,12.2,0,0,0
2018,100,Zaza Pachulia,DET,9,36,46,17,4.4,4.7,1.5,0.7,0.3,0.8,52.5,0,0.002,14.5,9.9,0,0,0
2018,100,Mike Scott,PHI,4,45,48,24,4.4,3.4,0.8,0.4,0.2,0.5,49.7,0.9,0.001,14,7.4,0,0,0
2018,100,Pau Gasol,MIL,1,18,46,11,4.4,5.2,2,0.1,0.7,0.6,56.9,0.2,0.001,13.9,13.3,6,0,0
2018,100,Hamidou Diallo,OKC,3,40,46,23,4.4,2.3,0.4,0.4,0.2,0.5,49.9,0.1,0.001,16,4.9,0,0,0
2018,100,Jon Leuer,DET,9,30,46,9,4.4,2.6,0.4,0.4,0.1,0.7,62.5,0,0.001,16,9.5,0,0,0
2018,100,Michael Carter-Williams,ORL,11,16,47,7,4.3,0.8,1.3,0.6,0.4,0.6,47.6,0.4,0,21.8,4.9,0,0,0
2018,100,Glenn Robinson III,DET,9,29,46,12,4.2,1.3,0.4,0.3,0.2,0.4,48.6,0.4,0.001,13.9,4.6,0,0,0
2018,100,Christian Wood,NOP,12,6,47,6,4.2,2.7,0.3,0,0,0.3,63.6,0.3,0.001,23.4,20.1,0,0,0
2018,100,Devonte' Graham,CHA,8,26,46,9,4.2,1.1,2.2,0.6,0,0.5,50.4,0.7,0,15.7,7.7,0,0,0
2018,100,Ian Mahinmi,WAS,9,27,46,10,4.1,3.6,0.8,0.7,0.6,0.6,56.7,0,0.001,12.5,7.5,0,0,0
2018,100,Nene,HOU,5,21,46,14,4.1,3.4,0.7,0.3,0.3,0.2,58.8,0,0.001,11.5,8.1,0,0,0
2018,100,Patrick Patterson,OKC,3,46,46,28,4.1,2.4,0.6,0.3,0.3,0.3,49,0.8,0.001,12.2,6.3,0,0,0
2018,100,Jerian Grant,ORL,11,40,47,17,4.1,1.7,2.9,0.8,0.1,1,49.5,0.7,0.001,12.5,6.8,0,0,0
2018,100,Abdel Nader,OKC,3,28,46,19,4,1.6,0.3,0.3,0.1,0.4,60.9,0.5,0,16.7,9.1,0,0,0
2018,100,J.P. Macura,CHA,8,1,46,0,4,2,2,0,0,0,25,0,0.002,22.9,5,0,0,0
2018,100,Luol Deng,MIN,11,7,46,4,4,1.9,0.4,0.6,0.3,0.3,53,0.1,0.001,20,10.2,2,0,0
2018,100,Tyrone Wallace,LAC,7,36,46,19,4,1.7,0.6,0.4,0.2,0.5,45.8,0.1,0.001,17.7,4.9,0,0,0
2018,100,Solomon Hill,NOP,12,28,47,12,3.9,3.2,1.2,0.6,0.3,0.8,50.3,0.6,0.001,9.1,4.2,0,0,0
2018,100,Amir Johnson,PHI,4,36,48,25,3.8,2.5,1.1,0.3,0.2,0.9,61.8,0.3,0,17.1,8.6,0,0,0
2018,100,Tyson Chandler,LAL,9,43,48,21,3.8,6.4,0.8,0.4,0.4,0.8,63.3,0,0.002,8.7,9.2,1,0,0
2018,100,Joakim Noah,MEM,14,20,47,5,3.8,3.9,1.2,0.4,0.5,1.2,47.5,0,0.001,18.4,9.9,2,0,0
2018,100,Wesley Johnson,WAS,9,24,46,11,3.8,2.3,0.7,0.4,0.3,0.5,53.2,0.8,0,10.4,3.8,0,0,0
2018,100,Kosta Koufos,SAC,10,27,47,15,3.7,4.8,1,0.4,0.4,0.7,47.3,0,0.001,13.9,9.1,0,0,0
2018,100,Ryan Anderson,MIA,7,15,45,3,3.7,3,1.1,0.2,0.1,0.8,42.3,0.5,0.001,12.1,3.7,0,0,0
2018,100,Ian Clark,NOP,12,31,47,15,3.7,1.4,1.3,0.2,0.1,0.7,46.3,0.6,0.001,14.2,3.8,0,0,0
2018,100,Channing Frye,CLE,15,24,48,3,3.7,1.4,0.5,0.2,0.1,0.4,51.6,0.9,0,16.8,4.4,0,0,0
2018,100,Demetrius Jackson,PHI,4,6,48,5,3.7,0.5,0.8,0.3,0,0.2,65.6,0.3,0,18.2,10.9,0,0,0
2018,100,Moritz Wagner,LAL,9,15,48,7,3.7,1.8,0.5,0.2,0.1,0.5,48.1,0.5,0.001,23.8,7.3,0,0,0
2018,100,Jonah Bolden,PHI,4,23,48,15,3.7,3.7,0.6,0.3,0.8,1,57.5,0.5,0.001,13,6.5,0,0,0
2018,100,Ben McLemore,SAC,10,18,47,7,3.6,0.8,0.2,0.3,0.1,0.2,50.8,0.8,0,18.6,4.3,0,0,0
2018,100,Tyler Dorsey,MEM,14,24,47,2,3.6,1.8,0.7,0.3,0,0.4,44.5,0.4,0.001,16.9,6,0,0,0
2018,100,Dante Cunningham,SAS,6,43,48,23,3.6,3.7,0.9,0.5,0.3,0.4,59.1,0.6,0.001,8.8,7.3,0,0,0
2018,100,Semi Ojeleye,BOS,5,34,47,24,3.5,1.6,0.4,0.2,0.1,0.4,52.2,0.5,0.002,14.2,5.8,0,0,0
2018,100,Khyri Thomas,DET,9,12,46,4,3.5,1,0.3,0.3,0.2,0.2,56.8,0.7,0.001,14.2,7.8,0,0,0
2018,100,Dirk Nowitzki,DAL,13,15,46,4,3.5,1.9,0.4,0.1,0.3,0.3,39,0.7,0,18.4,3.3,13,0,1
2018,100,Ivan Rabb,MEM,14,18,47,7,3.4,2.8,0.6,0.1,0.2,0.7,62.5,0,0,20.5,13.5,0,0,0
2018,100,Lance Thomas,NYK,14,18,45,3,3.4,2.6,0.6,0.6,0.2,0.6,45.8,0.3,0.001,11.8,3.6,0,0,0
2018,100,Shake Milton,PHI,4,11,48,7,3.4,1.4,0.9,0.3,0.3,0.2,54.1,0.6,0,16.4,7.9,0,0,0
2018,100,Chris Boucher,TOR,2,14,48,9,3.3,1.5,0,0.1,1.1,0.1,57.6,0.6,0,22.3,11.9,0,0,0
2018,100,Jevon Carter,MEM,14,14,47,0,3.3,1.1,1.8,0.8,0.3,0.8,36.9,0.7,0.001,14.7,2.7,0,0,0
2018,100,Johnathan Williams,LAL,9,7,48,4,3.3,3,0.6,0.1,0.6,0.3,51.8,0,0,10.8,2.7,0,0,0
2018,100,Deonte Burton,OKC,3,15,46,11,3.3,1.1,0.3,0.2,0.3,0.5,50.4,0.3,0.002,16.8,5.8,0,0,0
2018,100,Brad Wanamaker,BOS,5,20,47,16,3.3,0.9,1.5,0.4,0,0.6,55.8,0.5,0.001,17.4,10.8,0,0,0
2018,100,Kyle O'Quinn,IND,3,24,46,16,3.3,2.5,1.3,0.1,0.6,0.7,51,0,0.001,19.7,10.8,0,0,0
2018,100,Cheick Diallo,NOP,12,30,47,16,3.2,3.4,0.3,0.4,0.4,0.6,61.9,0,0.001,14.2,10.5,0,0,0
2018,100,Milos Teodosic,LAC,7,15,46,8,3.2,1.1,2.1,0.2,0.1,1.4,55.7,0.7,0,17.1,3.6,0,0,0
2018,100,Daniel Hamilton,ATL,12,16,46,6,3.2,2.8,1.3,0.4,0.1,0.9,45.8,0.4,0.001,15.1,7.9,0,0,0
2018,100,Gary Clark,HOU,5,33,46,17,3.2,2.8,0.4,0.4,0.7,0.1,47.5,0.9,0.001,9.5,6.2,0,0,0
2018,100,Andrew Harrison,NOP,12,17,47,6,3.2,1.2,1.4,0.2,0.1,0.7,44.3,0.3,0.001,17.1,2.5,0,0,0
2018,100,Jason Smith,NOP,12,18,47,10,3.2,2.7,0.7,0.2,0.4,0.7,50.7,0.4,0.001,16.5,6.8,0,0,0
2018,100,Svi Mykhailiuk,DET,9,34,46,16,3.1,0.8,0.9,0.3,0,0.5,46.9,0.7,0.001,15.1,3.5,0,0,0
2018,100,Thabo Sefolosha,UTA,8,26,48,11,3,2.8,0.4,0.9,0,0.6,61.6,0.5,0.001,11.7,10.3,0,0,0
2018,100,Georges Niang,UTA,8,34,48,22,3,1.1,0.5,0.2,0.1,0.3,57.9,0.7,0,17.3,8,0,0,0
2018,100,Brandon Knight,CLE,15,12,48,9,3,0.8,0.8,0.2,0,0.4,34.7,0.4,0.001,20.5,-0.4,0,0,0
2018,100,Haywood Highsmith,PHI,4,1,48,1,3,0,1,0,0,0,75,1,-0.001,13.3,9.8,0,0,0
2018,100,Jordan Loyd,TOR,2,4,48,3,3,1.8,0.5,0,0,0.5,104.2,0.5,0.001,12.3,19.3,0,0,0
2018,100,Justin Anderson,ATL,12,24,46,8,3,1.5,0.5,0.4,0.3,0.5,47.6,0.3,0.001,16.8,5.5,0,0,0
2018,100,Lonnie Walker IV,SAS,6,1,48,1,3,1,0,0,0,0,75,1,-0.001,15.4,14.3,0,0,0
2018,100,Skal Labissiere,POR,4,11,48,3,3,1.8,0.4,0.2,0.2,0.5,51.8,0.3,0,15.4,3,0,0,0
2018,100,Cristiano Felicio,CHI,13,30,47,6,2.9,2.7,0.5,0.1,0.1,0.4,60.3,0,0,12.2,8.7,0,0,0
2018,100,Isaiah Briscoe,ORL,11,25,47,8,2.9,1.2,1.6,0.1,0,0.5,43.6,0.2,0.001,14.9,3.8,0,0,0
2018,100,Marcus Derrickson,GSW,1,6,47,5,2.8,0.7,0,0,0.2,0.5,50.7,0.3,0,25.6,-0.4,0,0,0
2018,100,TJ Leaf,IND,3,26,46,19,2.8,1.7,0.4,0.1,0.2,0.3,53,0.1,0.001,15,8.4,0,0,0
2018,100,Jordan Bell,GSW,1,44,47,30,2.8,2.5,1.2,0.3,0.8,0.5,53.9,0,0,11.7,8.2,0,0,0
2018,100,Robert Williams III,BOS,5,21,47,13,2.8,2.6,0.2,0.3,1.4,0.4,73.6,0,0.001,10.8,12.7,0,0,0
2018,100,Jarell Martin,ORL,11,28,47,10,2.8,1.6,0.5,0.1,0.3,0.4,51.7,0.4,0.001,15.3,6.9,0,0,0
2018,100,Theo Pinson,BKN,6,7,48,2,2.7,1.4,1.7,0.1,0,0.6,43.7,0.1,0.001,14.5,6.8,0,0,0
2018,100,Jerome Robinson,LAC,7,10,46,6,2.7,0.3,0.2,0,0,0.2,56.3,0.5,0,20,4.3,0,0,0
2018,100,Jose Calderon,DET,9,38,46,13,2.7,1.4,2.7,0.4,0.1,0.8,44,0.3,0.001,10.8,5.6,0,0,0
2018,100,Khem Birch,ORL,11,20,47,5,2.7,2.4,0.6,0.3,0.5,0.2,57.2,0,0.001,12.3,11,0,0,0
2018,100,Jerryd Bayless,MIN,11,9,46,4,2.6,0.8,1.4,0.3,0,0.8,33.5,0.4,-0.001,16.6,0.8,0,0,0
2018,100,Dragan Bender,PHX,15,15,48,2,2.5,1.9,0.6,0.1,0.1,0.5,44,0.1,0.001,14.8,5.8,0,0,0
2018,100,Jaylen Morris,MIL,1,4,46,4,2.5,1.3,1,0.5,0,0.3,46,0.3,0.002,15,10.9,0,0,0
2018,100,Troy Caupain,ORL,11,2,47,1,2.5,1,1.5,0.5,0,0,62.5,0.5,0.001,20,34,0,0,0
2018,100,James Nunnally,HOU,5,15,46,8,2.4,0.3,0.5,0.1,0,0.1,50.3,0.5,0,15.3,3.5,0,0,0
2018,100,Ryan Broekhoff,DAL,13,18,46,7,2.4,0.8,0.4,0.1,0.1,0.3,56.8,0.5,0.001,16,8.6,0,0,0
2018,100,Troy Brown Jr.,WAS,9,24,46,11,2.4,1.3,0.9,0.3,0,0.3,47.4,0.2,0.001,16,8.2,0,0,0
2018,100,Salah Mejri,DAL,13,14,46,9,2.4,2.1,0.4,0.1,0.1,0.2,64.7,0,0.001,13.3,13.2,0,0,0
2018,100,Chimezie Metu,SAS,6,19,48,10,2.3,1.4,0.6,0.3,0.1,0.5,45.3,0,0.001,22.3,8.2,0,0,0
2018,100,Nick Young,DEN,2,4,45,3,2.3,0.3,0.5,0,0.3,0.5,50,0.8,0.001,12.6,0.3,0,0,0
2018,100,Drew Eubanks,SAS,6,12,48,6,2.2,1,0.2,0.1,0,0.2,74.2,0,0.001,17.2,17,0,0,0
2018,100,Lorenzo Brown,TOR,2,26,48,20,2.1,1.2,1.1,0.5,0.2,0.6,38,0.2,0.001,16.7,5.4,0,0,0
2018,100,Isaiah Hartenstein,HOU,5,23,46,12,2,1.7,0.5,0.2,0.4,0.5,55.7,0.1,0.001,12,2.6,0,0,0
2018,100,Alex Caruso,LAL,9,3,48,0,2,0.3,0.3,0,0.7,0,63,0.3,0.001,12.5,3.1,0,0,0
2018,100,Amile Jefferson,ORL,11,1,47,0,2,1,0,0,0,0,53.2,0,0.001,22.2,3.4,0,0,0
2018,100,DJ Stephens,MEM,14,1,47,0,2,0,0,1,0,1,50,0,0.001,13,5.1,0,0,0
2018,100,Gary Trent Jr.,POR,4,7,48,6,2,0.6,0.1,0,0.1,0.1,37.3,0.4,0.001,26,2,0,0,0
2018,100,Kalin Lucas,DET,9,1,46,0,2,3,1,0,0,0,53.2,0,0.002,15.4,47.1,0,0,0
2018,100,Wade Baldwin IV,POR,4,13,48,7,2,0.7,0.8,0,0.2,0.8,42.2,0.2,0,23.9,2.3,0,0,0
2018,100,Zhou Qi,HOU,5,1,46,0,2,0,0,0,0,0,100,0,0,33.3,33.3,0,0,0
2018,100,Caleb Swanigan,SAC,10,16,47,8,1.9,3.1,0.4,0.3,0,0.9,37.7,0.1,0.001,17.1,5.7,0,0,0
2018,100,Marquese Chriss,CLE,15,15,48,8,1.9,1.8,0.4,0.1,0.3,0.8,40.2,0.1,0,18.7,2.8,0,0,0
2018,100,Quincy Pondexter,SAS,6,34,48,18,1.9,1,0.5,0.2,0,0.3,65.6,0.1,0.001,12.9,9.1,0,0,0
2018,100,Guerschon Yabusele,BOS,5,26,47,18,1.9,1,0.4,0.2,0.3,0.3,50.7,0.2,0.001,15.5,4.8,0,0,0
2018,100,Ekpe Udoh,UTA,8,29,48,18,1.9,1.2,0.4,0.1,0.4,0.3,72.4,0,0,12,9.3,0,0,0
2018,100,PJ Dozier,BOS,5,4,47,4,1.8,1,0,0,0,0,58.3,0.3,0.001,23.1,20.3,0,0,0
2018,100,Yuta Watanabe,MEM,14,8,47,2,1.8,1.3,0.4,0.1,0.1,0.4,39.7,0.1,0.001,16.7,5.3,0,0,0
2018,100,Dzanan Musa,BKN,6,7,48,3,1.7,0.4,0.1,0.3,0,0.4,40.3,0,0.001,26.1,3.5,0,0,0
2018,100,C.J. Williams,MIN,11,6,46,2,1.7,0.3,0.5,0.2,0,0.5,35.7,0,0,13.7,-3.3,0,0,0
2018,100,Timothe Luwawu-Cabarrot,CHI,13,21,47,15,1.7,0.9,0.2,0.2,0,0.2,38.3,0.2,0.001,15.7,2.1,0,0,0
2018,100,Brandon Goodwin,DEN,2,12,45,7,1.6,0.2,1,0,0,0.2,43.5,0.2,0,20.5,4.7,0,0,0
2018,100,Quincy Acy,PHX,15,7,48,2,1.6,1,0.7,0.1,0.6,0.1,43.5,0.3,0.002,8,0,0,0,0
2018,100,Thomas Welsh,DEN,2,9,45,6,1.6,0.4,0.4,0,0,0.1,64.3,0.3,0.001,13.5,10,0,0,0
2018,100,Anfernee Simons,POR,4,10,48,8,1.5,0.7,0.4,0,0,0.6,29.1,0,0,23.4,-1.2,0,0,0
2018,100,Deng Adel,CLE,15,2,48,0,1.5,1.5,0,0,0,0,150,0.5,0,4,11.5,0,0,0
2018,100,Duncan Robinson,MIA,7,4,45,2,1.5,1.3,0,0.3,0,0,50,0.5,0.001,8.2,6.4,0,0,0
2018,100,Rawle Alkins,CHI,13,2,47,1,1.5,1.5,1,0.5,0,0,37.5,0.5,0.001,23.5,42.9,0,0,0
2018,100,Vincent Edwards,HOU,5,2,46,1,1.5,1,0,0,0,0,37.5,0.5,0,11.1,2.3,0,0,0
2018,100,Malachi Richardson,TOR,2,21,48,15,1.4,0.6,0,0,0,0.4,48.1,0.4,0.001,14.5,0.3,0,0,0
2018,100,Patrick McCaw,TOR,2,5,48,2,1.4,1.2,0.8,0.6,0,1.4,29.2,0.2,-0.001,11.2,0.3,0,0,0
2018,100,Jared Terrell,MIN,11,3,46,1,1.3,0.7,0.7,0.7,0.3,1,15.5,0.3,0.001,26.7,-10.6,0,0,0
2018,100,Keita Bates-Diop,MIN,11,3,46,0,1.3,1.3,0,0,0.3,0.3,22.2,0,0.002,16.9,-2.1,0,0,0
2018,100,Udonis Haslem,MIA,7,3,45,3,1.3,1.7,0,0,0,0.7,33.3,0,0.001,20.5,-1.2,0,0,0
2018,100,Sindarius Thornwell,LAC,7,30,46,16,1.3,0.9,0.3,0.1,0.1,0.4,54.9,0.1,0.001,11.4,3.4,0,0,0
2018,100,Kenrich Williams,NOP,12,12,47,6,1.3,0.9,0.2,0.1,0,0.3,39.7,0.1,0,12.7,-0.2,0,0,0
2018,100,Tyler Lydon,DEN,2,17,45,14,1.2,0.8,0.2,0.1,0,0.2,66.1,0.2,0,10.7,6.1,0,0,0
2018,100,Isaac Bonga,LAL,9,7,48,2,1.1,0.7,0.7,0.4,0,0.3,33.1,0,0.001,20.6,5.2,0,0,0
2018,100,Daryl Macon,DAL,13,2,46,0,1,0,0,0.5,0,0,100,0,0.001,9.1,23.1,0,0,0
2018,100,DeVaughn Akoon-Purcell,DEN,2,7,45,7,1,0.6,0.9,0.3,0,0.3,32.2,0,0,22.8,5.3,0,0,0
2018,100,Jawun Evans,OKC,3,4,46,3,1,2.5,2,0.5,0,1,20,0,0.001,14,3.9,0,0,0
2018,100,Ron Baker,WAS,9,15,46,4,0.9,0.7,1,0.4,0.1,0.3,30.9,0.1,0.002,7.5,1.3,0,0,0
2018,100,Jaylen Adams,ATL,12,9,46,3,0.9,0.3,0.7,0.3,0.1,0.1,40,0.2,0,10.2,4.3,0,0,0
2018,100,Naz Mitrou-Long,UTA,8,6,48,4,0.8,0,0.5,0,0,0.5,50,0.2,-0.001,12.5,-0.8,0,0,0
2018,100,Alize Johnson,IND,3,10,46,7,0.6,0.8,0,0,0.1,0,27.9,0.1,0,13.9,0.8,0,0,0
2018,100,Jacob Evans,GSW,1,23,47,17,0.6,0.4,0.6,0,0,0.3,25.6,0,0,13.1,-0.8,0,0,0
2018,100,Edmond Sumner,IND,3,9,46,7,0.6,0.3,0.1,0.1,0,0.4,28.2,0.1,0,14,-6,0,0,0
2018,100,Tyler Cavanaugh,UTA,8,4,48,3,0.5,0.5,0,0,0,0,25,0,-0.001,19,1.1,0,0,0
2018,100,Jordan McRae,WAS,9,9,46,4,0.4,0.6,0.2,0.1,0.1,0,16.7,0,0,12.8,1.4,0,0,0
2018,100,Davon Reed,IND,3,4,46,2,0,0,0,0,0,0,0,0,0.001,3.7,-4.9,0,0,0
2018,100,Eric Moreland,TOR,2,1,48,0,0,3,0,0,0,0,0,0,0.002,0,200,0,0,0
2018,100,Gary Payton II,WAS,9,1,46,1,0,0,0,0,0,0,0,0,0.001,0,0,0,0,0
2018,100,George King,PHX,15,1,48,0,0,1,0,0,0,0,0,0,-0.002,0,3.2,0,0,0
2018,100,Ike Anigbogu,IND,3,3,46,2,0,1,0.3,0,0.3,0.3,0,0,0,26.7,0,0,0,0
2018,100,John Holland,CLE,15,1,48,0,0,0,0,0,0,0,0,0,0,0,0,0,0,0
2018,100,Julian Washburn,MEM,14,1,47,0,0,0,0,0,0,0,0,0,0,0,0,0,0,0
2018,100,Melvin Frazier Jr.,ORL,11,3,47,1,0,0.3,0,0.3,0,0.3,0,0,0,9.5,-10.8,0,0,0
2018,100,Okaro White,WAS,9,3,46,2,0,0.7,0,0,0,0,0,0,0,10.5,-2.8,0,0,0
2018,100,Ray Spalding,PHX,15,1,48,0,0,0,0,0,0,0,0,0,0,0,0,0,0,0
2018,100,Tony Bradley,UTA,8,1,48,1,0,3,0,0,0,1,0,0,-0.002,17.4,-7.6,0,0,0
2018,100,Tyler Davis,OKC,3,1,46,1,0,1,0,0,0,0,0,0,0,33.3,100,0,0,0
2018,100,Tyler Ulis,CHI,13,1,47,0,0,0,0,0,0,0,0,0,0.001,0,0,0,0,0
2018,100,Zach Lofton,DET,9,1,46,1,0,0,0,1,0,1,0,0,0,25,-5.6,0,0,0
